exp_id	study	model	d_q	d_seq	d_model	num_head	d_ff	implementation	n_learners	codebook_size	sve_bits	executable	gem5_timestamp	stats_file	row_index	row_kind	dump_index	checkpoint	interval	sim_seconds	instructions	ops	cpu_cycles	memory_references	load_instructions	store_instructions	dcache_demand_accesses	dcache_demand_misses	icache_demand_accesses	icache_demand_misses	l2_demand_accesses	l2_demand_misses	committed_branches	branch_mispredictions	ipc	cpi	dcache_demand_miss_rate	icache_demand_miss_rate	l2_demand_miss_rate	branch_misprediction_rate	btb_hit_ratio
E01	Dense baseline	BERT-mini	64	512	256	4	1024	Dense naive/default	1	NA	128	transformer_BERT_mini_int8_noTiling_1D_dense_SVE_128.o	run_20260503_224116	/home/thu/gem5/output/run_20260503_224116/stats_20260503_224116.txt	1	interval_delta	1	after_mha	MHA	2.961554	9085632701	10482527523	11846217720	3800245900	2029495794	1770750106	3816003124	15064298	4070775569	173842	15226685	3801608	1417048763	15882194							
E01	Dense baseline	BERT-mini	64	512	256	4	1024	Dense naive/default	1	NA	128	transformer_BERT_mini_int8_noTiling_1D_dense_SVE_128.o	run_20260503_224116	/home/thu/gem5/output/run_20260503_224116/stats_20260503_224116.txt	2	interval_delta	2	after_projection	Projection	0.426757	1297519642	1497015578	1700471227	542615265	289749769	252865496	544865104	1423909	581157910	53213	1473242	631970	202418744	2296452							
E01	Dense baseline	BERT-mini	64	512	256	4	1024	Dense naive/default	1	NA	128	transformer_BERT_mini_int8_noTiling_1D_dense_SVE_128.o	run_20260503_224116	/home/thu/gem5/output/run_20260503_224116/stats_20260503_224116.txt	3	interval_delta	3	after_attn_addnorm	non_GEMM_after_projection	0.002835	5249089	5713587	11338396	1745659	1181688	563971	1745372	34861	2135137	36591	68547	19400	807886	37296							
E01	Dense baseline	BERT-mini	64	512	256	4	1024	Dense naive/default	1	NA	128	transformer_BERT_mini_int8_noTiling_1D_dense_SVE_128.o	run_20260503_224116	/home/thu/gem5/output/run_20260503_224116/stats_20260503_224116.txt	4	interval_delta	4	after_ff1	FF1	1.642133	5183583714	5980502456	6568530560	2168277770	1157765178	1010512592	2177276294	9987226	2322045988	85362	10066438	1240753	808390456	9062546							
E01	Dense baseline	BERT-mini	64	512	256	4	1024	Dense naive/default	1	NA	128	transformer_BERT_mini_int8_noTiling_1D_dense_SVE_128.o	run_20260503_224116	/home/thu/gem5/output/run_20260503_224116/stats_20260503_224116.txt	5	interval_delta	5	after_ff2	FF2	2.063845	5184339867	5981430388	8255383356	2168579949	1157939660	1010640289	2177583497	10313823	2322424458	102377	10409293	8604533	808533117	9083957							
E01	Dense baseline	BERT-mini	64	512	256	4	1024	Dense naive/default	1	NA	128	transformer_BERT_mini_int8_noTiling_1D_dense_SVE_128.o	run_20260503_224116	/home/thu/gem5/output/run_20260503_224116/stats_20260503_224116.txt	6	interval_delta	6	final_total	non_GEMM_after_ff2	0.002747	5245671	5709519	10985756	1744271	1181044	563227	1744035	34401	2132592	36564	68176	19258	807116	37124							
E01	Dense baseline	BERT-mini	64	512	256	4	1024	Dense naive/default	1	NA	128	transformer_BERT_mini_int8_noTiling_1D_dense_SVE_128.o	run_20260503_224116	/home/thu/gem5/output/run_20260503_224116/stats_20260503_224116.txt	7	final_total	6	final_total	total_program	7.099871	20761570684	23952899051	28392927015	8683208814	4637313133	4045895681	8719217426	36858518	9300671654	487949	37312381	14317522	3238006082	36399569	0.731223	1.367571	0.004227273642	0.000052463845	0.383720406371	0.011241352881	0.902637
E07	Learner scaling	BERT-mini	64	512	256	4	1024	Codebook SIMD int8	1	8	128	transformer_BERT_mini_int8_noTiling_1D_CB_8_SVE_128.o	run_20260503_224320	/home/thu/gem5/output/run_20260503_224320/stats_20260503_224320.txt	1	interval_delta	1	after_mha	MHA	0.453696	1011796804	1155779969	1814782868	203589214	178247155	25342059	179283818	3012933	196056319	106341	3024908	92392	70812617	1121595							
E07	Learner scaling	BERT-mini	64	512	256	4	1024	Codebook SIMD int8	1	8	128	transformer_BERT_mini_int8_noTiling_1D_CB_8_SVE_128.o	run_20260503_224320	/home/thu/gem5/output/run_20260503_224320/stats_20260503_224320.txt	2	interval_delta	2	after_projection	Projection	0.138732	299094485	339983924	554929208	53278267	52259308	1018959	46692624	740255	49581643	57445	775182	34433	19921729	184121							
E07	Learner scaling	BERT-mini	64	512	256	4	1024	Codebook SIMD int8	1	8	128	transformer_BERT_mini_int8_noTiling_1D_CB_8_SVE_128.o	run_20260503_224320	/home/thu/gem5/output/run_20260503_224320/stats_20260503_224320.txt	3	interval_delta	3	after_attn_addnorm	non_GEMM_after_projection	0.002714	4712574	5038698	10856336	1624845	1069532	555313	1625668	32958	1984339	36804	66816	19222	694602	37329							
E07	Learner scaling	BERT-mini	64	512	256	4	1024	Codebook SIMD int8	1	8	128	transformer_BERT_mini_int8_noTiling_1D_CB_8_SVE_128.o	run_20260503_224320	/home/thu/gem5/output/run_20260503_224320/stats_20260503_224320.txt	4	interval_delta	4	after_ff1	FF1	0.666823	1187550573	1350212232	2667291576	210402152	207578291	2823861	184060758	2845015	194916787	128336	2904276	2717007	78174257	629464							
E07	Learner scaling	BERT-mini	64	512	256	4	1024	Codebook SIMD int8	1	8	128	transformer_BERT_mini_int8_noTiling_1D_CB_8_SVE_128.o	run_20260503_224320	/home/thu/gem5/output/run_20260503_224320/stats_20260503_224320.txt	5	interval_delta	5	after_ff2	FF2	0.563072	1165582569	1327318062	2252289152	207811708	206133042	1678666	182630071	2378673	189808624	118631	2460347	468021	75907677	223283							
E07	Learner scaling	BERT-mini	64	512	256	4	1024	Codebook SIMD int8	1	8	128	transformer_BERT_mini_int8_noTiling_1D_CB_8_SVE_128.o	run_20260503_224320	/home/thu/gem5/output/run_20260503_224320/stats_20260503_224320.txt	6	interval_delta	6	final_total	non_GEMM_after_ff2	0.002627	4784006	5118743	10507080	1645774	1082003	563771	1645366	33943	2007165	36718	67694	19081	707606	37357							
E07	Learner scaling	BERT-mini	64	512	256	4	1024	Codebook SIMD int8	1	8	128	transformer_BERT_mini_int8_noTiling_1D_CB_8_SVE_128.o	run_20260503_224320	/home/thu/gem5/output/run_20260503_224320/stats_20260503_224320.txt	7	final_total	6	final_total	total_program	1.827664	3673521011	4183451628	7310656220	678351960	646369331	31982629	595938305	9043777	634354877	484275	9299223	3350156	246218488	2233149	0.502489	1.990095	0.015175693397	0.000763413379	0.36026192726	0.009069786019	0.776141
E08	Learner scaling	BERT-mini	64	512	256	4	1024	Codebook SIMD int8	2	8	128	transformer_BERT_mini_int8_noTiling_2D_CB_8_SVE_128.o	run_20260503_224556	/home/thu/gem5/output/run_20260503_224556/stats_20260503_224556.txt	1	interval_delta	1	after_mha	MHA	0.908711	1664302336	1958286960	3634845044	224462061	210042108	14419953	224744454	43381453	301593689	113223	31538213	3574493	100769893	1690435							
E08	Learner scaling	BERT-mini	64	512	256	4	1024	Codebook SIMD int8	2	8	128	transformer_BERT_mini_int8_noTiling_2D_CB_8_SVE_128.o	run_20260503_224556	/home/thu/gem5/output/run_20260503_224556/stats_20260503_224556.txt	2	interval_delta	2	after_projection	Projection	0.289211	400340238	431187550	1156842356	23161969	22087748	1074221	23246816	6186335	57551377	51127	4489086	2455441	20118923	181505							
E08	Learner scaling	BERT-mini	64	512	256	4	1024	Codebook SIMD int8	2	8	128	transformer_BERT_mini_int8_noTiling_2D_CB_8_SVE_128.o	run_20260503_224556	/home/thu/gem5/output/run_20260503_224556/stats_20260503_224556.txt	3	interval_delta	3	after_attn_addnorm	non_GEMM_after_projection	0.004345	8456475	8834084	17381188	2661469	1785044	876425	2651432	44675	2405149	37031	78908	29321	894444	37705							
E08	Learner scaling	BERT-mini	64	512	256	4	1024	Codebook SIMD int8	2	8	128	transformer_BERT_mini_int8_noTiling_2D_CB_8_SVE_128.o	run_20260503_224556	/home/thu/gem5/output/run_20260503_224556/stats_20260503_224556.txt	4	interval_delta	4	after_ff1	FF1	1.173767	1594660434	1717426861	4695067720	90398809	86912813	3485996	90772646	24230674	227544518	98242	17693800	10537380	79095326	621673							
E08	Learner scaling	BERT-mini	64	512	256	4	1024	Codebook SIMD int8	2	8	128	transformer_BERT_mini_int8_noTiling_2D_CB_8_SVE_128.o	run_20260503_224556	/home/thu/gem5/output/run_20260503_224556/stats_20260503_224556.txt	5	interval_delta	5	after_ff2	FF2	1.439771	1568599130	1690644365	5759081872	87843897	85918283	1925614	88457907	23992206	220553389	97783	17261038	15235428	76316055	218172							
E08	Learner scaling	BERT-mini	64	512	256	4	1024	Codebook SIMD int8	2	8	128	transformer_BERT_mini_int8_noTiling_2D_CB_8_SVE_128.o	run_20260503_224556	/home/thu/gem5/output/run_20260503_224556/stats_20260503_224556.txt	6	interval_delta	6	final_total	non_GEMM_after_ff2	0.005805	11834242	12249827	23220444	3628262	2399283	1228979	3613064	82550	3387474	37665	108861	39650	1249269	39871							
E08	Learner scaling	BERT-mini	64	512	256	4	1024	Codebook SIMD int8	2	8	128	transformer_BERT_mini_int8_noTiling_2D_CB_8_SVE_128.o	run_20260503_224556	/home/thu/gem5/output/run_20260503_224556/stats_20260503_224556.txt	7	final_total	6	final_total	total_program	3.82161	5248192855	5818629647	15286438624	432156467	409145279	23011188	433486319	97917893	813035596	435071	71169906	31871713	278443910	2789361	0.343323	2.912705	0.225884621286	0.000535119252	0.447825700374	0.010017676451	0.793307
E09	Learner scaling	BERT-mini	64	512	256	4	1024	Codebook SIMD int8	4	8	128	transformer_BERT_mini_int8_noTiling_4D_CB_8_SVE_128.o	run_20260503_225008	/home/thu/gem5/output/run_20260503_225008/stats_20260503_225008.txt	1	interval_delta	1	after_mha	MHA	2.126005	2018726535	2709237889	8504021712	435878638	412482101	23396537	436133275	94428196	370412123	191679	62666594	19328281	106995721	1752975							
E09	Learner scaling	BERT-mini	64	512	256	4	1024	Codebook SIMD int8	4	8	128	transformer_BERT_mini_int8_noTiling_4D_CB_8_SVE_128.o	run_20260503_225008	/home/thu/gem5/output/run_20260503_225008/stats_20260503_225008.txt	2	interval_delta	2	after_projection	Projection	0.589834	485371526	556931505	2359334068	44846027	42892150	1953877	44911126	12209799	66613857	70666	8799545	6816604	20851335	201922							
E09	Learner scaling	BERT-mini	64	512	256	4	1024	Codebook SIMD int8	4	8	128	transformer_BERT_mini_int8_noTiling_4D_CB_8_SVE_128.o	run_20260503_225008	/home/thu/gem5/output/run_20260503_225008/stats_20260503_225008.txt	3	interval_delta	3	after_attn_addnorm	non_GEMM_after_projection	0.006987	13872815	14868286	27949592	5035325	3260446	1774879	5008290	66688	3892473	38250	101368	45354	1600108	39485							
E09	Learner scaling	BERT-mini	64	512	256	4	1024	Codebook SIMD int8	4	8	128	transformer_BERT_mini_int8_noTiling_4D_CB_8_SVE_128.o	run_20260503_225008	/home/thu/gem5/output/run_20260503_225008/stats_20260503_225008.txt	4	interval_delta	4	after_ff1	FF1	2.379413	1930685690	2216154742	9517651372	175734003	169147362	6586641	176084297	48254014	262228153	164626	35345844	27677761	81175221	670293							
E09	Learner scaling	BERT-mini	64	512	256	4	1024	Codebook SIMD int8	4	8	128	transformer_BERT_mini_int8_noTiling_4D_CB_8_SVE_128.o	run_20260503_225008	/home/thu/gem5/output/run_20260503_225008/stats_20260503_225008.txt	5	interval_delta	5	after_ff2	FF2	2.603609	1898878173	2182821354	10414434188	171424009	167896316	3527693	172012045	47608010	254015033	150077	34858757	32150687	77779951	263303							
E09	Learner scaling	BERT-mini	64	512	256	4	1024	Codebook SIMD int8	4	8	128	transformer_BERT_mini_int8_noTiling_4D_CB_8_SVE_128.o	run_20260503_225008	/home/thu/gem5/output/run_20260503_225008/stats_20260503_225008.txt	6	interval_delta	6	final_total	non_GEMM_after_ff2	0.009844	20587876	21654605	39378604	6957176	4482552	2474624	6920044	161316	6357493	39348	179435	62806	2300854	43255							
E09	Learner scaling	BERT-mini	64	512	256	4	1024	Codebook SIMD int8	4	8	128	transformer_BERT_mini_int8_noTiling_4D_CB_8_SVE_128.o	run_20260503_225008	/home/thu/gem5/output/run_20260503_225008/stats_20260503_225008.txt	7	final_total	6	final_total	total_program	7.715692	6368122615	7701668381	30862769536	839875178	800160927	39714251	841069077	202728023	963519132	654646	141951543	86081493	290703190	2971233	0.206337	4.846447	0.241036115277	0.000679432279	0.606414634042	0.010220847594	0.792963
E10	Learner scaling	BERT-mini	64	512	256	4	1024	Codebook SIMD int8	1	8	256	transformer_BERT_mini_int8_noTiling_1D_CB_8_SVE_256.o	run_20260503_225848	/home/thu/gem5/output/run_20260503_225848/stats_20260503_225848.txt	1	interval_delta	1	after_mha	MHA	0.282484	614870099	738386804	1129937116	163571875	138560700	25011175	159818257	3001420	118269243	108808	3016617	90530	55120135	729053							
E10	Learner scaling	BERT-mini	64	512	256	4	1024	Codebook SIMD int8	1	8	256	transformer_BERT_mini_int8_noTiling_1D_CB_8_SVE_256.o	run_20260503_225848	/home/thu/gem5/output/run_20260503_225848/stats_20260503_225848.txt	2	interval_delta	2	after_projection	Projection	0.082183	167693081	201765117	328732612	40140877	39137257	1003620	40412301	737347	23960827	60750	777637	34457	14798064	54610							
E10	Learner scaling	BERT-mini	64	512	256	4	1024	Codebook SIMD int8	1	8	256	transformer_BERT_mini_int8_noTiling_1D_CB_8_SVE_256.o	run_20260503_225848	/home/thu/gem5/output/run_20260503_225848/stats_20260503_225848.txt	3	interval_delta	3	after_attn_addnorm	non_GEMM_after_projection	0.002637	4614184	4940126	10546880	1608115	1052966	555149	1608862	33197	1919083	36646	66970	18822	678273	37257							
E10	Learner scaling	BERT-mini	64	512	256	4	1024	Codebook SIMD int8	1	8	256	transformer_BERT_mini_int8_noTiling_1D_CB_8_SVE_256.o	run_20260503_225848	/home/thu/gem5/output/run_20260503_225848/stats_20260503_225848.txt	4	interval_delta	4	after_ff1	FF1	0.440365	661856834	797232447	1761458360	157821915	155073136	2748779	158907688	2831953	92398486	136556	2907426	2714459	57659754	107888							
E10	Learner scaling	BERT-mini	64	512	256	4	1024	Codebook SIMD int8	1	8	256	transformer_BERT_mini_int8_noTiling_1D_CB_8_SVE_256.o	run_20260503_225848	/home/thu/gem5/output/run_20260503_225848/stats_20260503_225848.txt	5	interval_delta	5	after_ff2	FF2	0.34522	648781594	783753104	1380880860	156245102	154594065	1651037	157302056	2374844	91022945	123092	2460438	548792	56360526	224849							
E10	Learner scaling	BERT-mini	64	512	256	4	1024	Codebook SIMD int8	1	8	256	transformer_BERT_mini_int8_noTiling_1D_CB_8_SVE_256.o	run_20260503_225848	/home/thu/gem5/output/run_20260503_225848/stats_20260503_225848.txt	6	interval_delta	6	final_total	non_GEMM_after_ff2	0.002544	4668245	4999225	10175380	1622905	1062211	560694	1622129	33735	1932519	35560	66179	18680	687610	36338							
E10	Learner scaling	BERT-mini	64	512	256	4	1024	Codebook SIMD int8	1	8	256	transformer_BERT_mini_int8_noTiling_1D_CB_8_SVE_256.o	run_20260503_225848	/home/thu/gem5/output/run_20260503_225848/stats_20260503_225848.txt	7	final_total	6	final_total	total_program	1.155433	2102484037	2531076823	4621731208	521010789	489480335	31530454	519671293	9012496	329503103	501412	9295267	3425740	185304362	1189995	0.454913	2.198224	0.017342685889	0.001521721633	0.368546702316	0.006421840194	0.406159
E11	Learner scaling	BERT-mini	64	512	256	4	1024	Codebook SIMD int8	2	8	256	transformer_BERT_mini_int8_noTiling_2D_CB_8_SVE_256.o	run_20260503_230047	/home/thu/gem5/output/run_20260503_230047/stats_20260503_230047.txt	1	interval_delta	1	after_mha	MHA	0.637267	980691645	1143260607	2549068928	132898880	119692110	13206770	160123404	45691040	195753079	104955	31511637	3582666	70197631	636501							
E11	Learner scaling	BERT-mini	64	512	256	4	1024	Codebook SIMD int8	2	8	256	transformer_BERT_mini_int8_noTiling_2D_CB_8_SVE_256.o	run_20260503_230047	/home/thu/gem5/output/run_20260503_230047/stats_20260503_230047.txt	2	interval_delta	2	after_projection	Projection	0.229636	241318042	261924522	918542488	15763437	14766543	996894	19190764	6047971	37534751	48510	4483941	2493777	15847900	180623							
E11	Learner scaling	BERT-mini	64	512	256	4	1024	Codebook SIMD int8	2	8	256	transformer_BERT_mini_int8_noTiling_2D_CB_8_SVE_256.o	run_20260503_230047	/home/thu/gem5/output/run_20260503_230047/stats_20260503_230047.txt	3	interval_delta	3	after_attn_addnorm	non_GEMM_after_projection	0.004349	8455578	8832888	17397660	2661096	1784804	876292	2651054	44609	2404979	36954	78734	29351	894394	37663							
E11	Learner scaling	BERT-mini	64	512	256	4	1024	Codebook SIMD int8	2	8	256	transformer_BERT_mini_int8_noTiling_2D_CB_8_SVE_256.o	run_20260503_230047	/home/thu/gem5/output/run_20260503_230047/stats_20260503_230047.txt	4	interval_delta	4	after_ff1	FF1	0.917384	958702614	1040425877	3669535756	60930303	57727096	3203207	74672836	23660184	147580966	83018	17656275	10314801	62018839	609435							
E11	Learner scaling	BERT-mini	64	512	256	4	1024	Codebook SIMD int8	2	8	256	transformer_BERT_mini_int8_noTiling_2D_CB_8_SVE_256.o	run_20260503_230047	/home/thu/gem5/output/run_20260503_230047/stats_20260503_230047.txt	5	interval_delta	5	after_ff2	FF2	1.200535	939399509	1021289340	4802137220	58880182	57148448	1731734	72986624	23854328	142009681	92013	17258897	15258203	59349754	349651							
E11	Learner scaling	BERT-mini	64	512	256	4	1024	Codebook SIMD int8	2	8	256	transformer_BERT_mini_int8_noTiling_2D_CB_8_SVE_256.o	run_20260503_230047	/home/thu/gem5/output/run_20260503_230047/stats_20260503_230047.txt	6	interval_delta	6	final_total	non_GEMM_after_ff2	0.005832	11801836	12217490	23329960	3620166	2399310	1220856	3609140	82901	3367945	37688	109220	40229	1241272	40104							
E11	Learner scaling	BERT-mini	64	512	256	4	1024	Codebook SIMD int8	2	8	256	transformer_BERT_mini_int8_noTiling_2D_CB_8_SVE_256.o	run_20260503_230047	/home/thu/gem5/output/run_20260503_230047/stats_20260503_230047.txt	7	final_total	6	final_total	total_program	2.995003	3140369224	3487950724	11980012012	274754064	253518311	21235753	333233822	99381033	528651401	403138	71098704	31719027	209549790	1853977	0.262134	3.814842	0.298232131431	0.000762578136	0.446126655136	0.00884742953	0.747982
E12	Learner scaling	BERT-mini	64	512	256	4	1024	Codebook SIMD int8	4	8	256	transformer_BERT_mini_int8_noTiling_4D_CB_8_SVE_256.o	run_20260503_230335	/home/thu/gem5/output/run_20260503_230335/stats_20260503_230335.txt	1	interval_delta	1	after_mha	MHA	1.726891	1113697454	1501857965	6907564196	258236310	237214230	21022080	322295791	92553674	208075312	165279	62617582	19353070	75265148	698837							
E12	Learner scaling	BERT-mini	64	512	256	4	1024	Codebook SIMD int8	4	8	256	transformer_BERT_mini_int8_noTiling_4D_CB_8_SVE_256.o	run_20260503_230335	/home/thu/gem5/output/run_20260503_230335/stats_20260503_230335.txt	2	interval_delta	2	after_projection	Projection	0.497953	264978002	312584436	1991810348	30298425	28559065	1739360	43813293	12333042	38611376	58017	8775622	6795533	16425464	192161							
E12	Learner scaling	BERT-mini	64	512	256	4	1024	Codebook SIMD int8	4	8	256	transformer_BERT_mini_int8_noTiling_4D_CB_8_SVE_256.o	run_20260503_230335	/home/thu/gem5/output/run_20260503_230335/stats_20260503_230335.txt	3	interval_delta	3	after_attn_addnorm	non_GEMM_after_projection	0.006986	13872073	14867390	27947296	5035019	3260248	1774771	5007949	66620	3891414	38432	101430	45212	1600079	39475							
E12	Learner scaling	BERT-mini	64	512	256	4	1024	Codebook SIMD int8	4	8	256	transformer_BERT_mini_int8_noTiling_4D_CB_8_SVE_256.o	run_20260503_230335	/home/thu/gem5/output/run_20260503_230335/stats_20260503_230335.txt	4	interval_delta	4	after_ff1	FF1	2.002539	1051799904	1241708349	8010155216	118689903	112532308	6157595	172873200	48847353	151410809	124911	35278815	27418929	63962719	655724							
E12	Learner scaling	BERT-mini	64	512	256	4	1024	Codebook SIMD int8	4	8	256	transformer_BERT_mini_int8_noTiling_4D_CB_8_SVE_256.o	run_20260503_230335	/home/thu/gem5/output/run_20260503_230335/stats_20260503_230335.txt	5	interval_delta	5	after_ff2	FF2	2.245712	1027347208	1217609008	8982847368	115180148	112047405	3132743	169741650	47441062	144875010	126803	34822906	32139234	60611718	386579							
E12	Learner scaling	BERT-mini	64	512	256	4	1024	Codebook SIMD int8	4	8	256	transformer_BERT_mini_int8_noTiling_4D_CB_8_SVE_256.o	run_20260503_230335	/home/thu/gem5/output/run_20260503_230335/stats_20260503_230335.txt	6	interval_delta	6	final_total	non_GEMM_after_ff2	0.009789	20559016	21633825	39153588	6954221	4489461	2464760	6917660	162061	6335096	41057	173551	61133	2291742	44856							
E12	Learner scaling	BERT-mini	64	512	256	4	1024	Codebook SIMD int8	4	8	256	transformer_BERT_mini_int8_noTiling_4D_CB_8_SVE_256.o	run_20260503_230335	/home/thu/gem5/output/run_20260503_230335/stats_20260503_230335.txt	7	final_total	6	final_total	total_program	6.48987	3492253657	4310260973	25959478012	534394026	498102717	36291309	720649543	201403812	553199017	554499	141769906	85813111	220156870	2017632	0.134527	7.433446	0.279475389884	0.001002349937	0.605298496847	0.009164519826	0.749458
E13	Learner scaling	BERT-mini	64	512	256	4	1024	Codebook SIMD int8	1	8	512	transformer_BERT_mini_int8_noTiling_1D_CB_8_SVE_512.o	run_20260503_230501	/home/thu/gem5/output/run_20260503_230501/stats_20260503_230501.txt	1	interval_delta	1	after_mha	MHA	0.272128	516822769	703261684	1088511384	223011970	198146302	24865668	157242147	3009165	109288916	98277	3017491	91937	46283528	1508399							
E13	Learner scaling	BERT-mini	64	512	256	4	1024	Codebook SIMD int8	1	8	512	transformer_BERT_mini_int8_noTiling_1D_CB_8_SVE_512.o	run_20260503_230501	/home/thu/gem5/output/run_20260503_230501/stats_20260503_230501.txt	2	interval_delta	2	after_projection	Projection	0.078825	135311012	190337761	315300308	60013333	59033729	979604	39623769	735811	21250919	55462	770924	33507	11886493	313217							
E13	Learner scaling	BERT-mini	64	512	256	4	1024	Codebook SIMD int8	1	8	512	transformer_BERT_mini_int8_noTiling_1D_CB_8_SVE_512.o	run_20260503_230501	/home/thu/gem5/output/run_20260503_230501/stats_20260503_230501.txt	3	interval_delta	3	after_attn_addnorm	non_GEMM_after_projection	0.002632	4568795	4895668	10529012	1601459	1045669	555790	1602361	33584	1889354	37157	67975	19072	670772	37561							
E13	Learner scaling	BERT-mini	64	512	256	4	1024	Codebook SIMD int8	1	8	512	transformer_BERT_mini_int8_noTiling_1D_CB_8_SVE_512.o	run_20260503_230501	/home/thu/gem5/output/run_20260503_230501/stats_20260503_230501.txt	4	interval_delta	4	after_ff1	FF1	0.429118	532491831	751712080	1716469340	237369358	234690099	2679259	155812771	2826554	81634827	123318	2888344	2712800	46046647	1148448							
E13	Learner scaling	BERT-mini	64	512	256	4	1024	Codebook SIMD int8	1	8	512	transformer_BERT_mini_int8_noTiling_1D_CB_8_SVE_512.o	run_20260503_230501	/home/thu/gem5/output/run_20260503_230501/stats_20260503_230501.txt	5	interval_delta	5	after_ff2	FF2	0.331362	512828387	729544342	1325449728	233473925	231871018	1602907	154182232	2367213	78667788	110742	2442615	581038	44112389	1133969							
E13	Learner scaling	BERT-mini	64	512	256	4	1024	Codebook SIMD int8	1	8	512	transformer_BERT_mini_int8_noTiling_1D_CB_8_SVE_512.o	run_20260503_230501	/home/thu/gem5/output/run_20260503_230501/stats_20260503_230501.txt	6	interval_delta	6	final_total	non_GEMM_after_ff2	0.002551	4629122	4961799	10204108	1618000	1055721	562279	1617337	33785	1903937	35873	66680	19182	681255	36623							
E13	Learner scaling	BERT-mini	64	512	256	4	1024	Codebook SIMD int8	1	8	512	transformer_BERT_mini_int8_noTiling_1D_CB_8_SVE_512.o	run_20260503_230501	/home/thu/gem5/output/run_20260503_230501/stats_20260503_230501.txt	7	final_total	6	final_total	total_program	1.116616	1706651916	2384713334	4466463880	757088045	725842538	31245507	510080617	9006112	294635741	460829	9254029	3457536	149681084	4178217	0.382104	2.617091	0.017656252168	0.001564063472	0.373624936771	0.027914128415	0.407434
E14	Learner scaling	BERT-mini	64	512	256	4	1024	Codebook SIMD int8	2	8	512	transformer_BERT_mini_int8_noTiling_2D_CB_8_SVE_512.o	run_20260503_230527	/home/thu/gem5/output/run_20260503_230527/stats_20260503_230527.txt	1	interval_delta	1	after_mha	MHA	0.495536	599569614	682277848	1982144268	77484603	64882872	12601731	124776043	42689726	112617411	102184	31338430	3363311	49801136	1025644							
E14	Learner scaling	BERT-mini	64	512	256	4	1024	Codebook SIMD int8	2	8	512	transformer_BERT_mini_int8_noTiling_2D_CB_8_SVE_512.o	run_20260503_230527	/home/thu/gem5/output/run_20260503_230527/stats_20260503_230527.txt	2	interval_delta	2	after_projection	Projection	0.197284	148721658	159492960	789133936	8859989	7898531	961458	14302745	5264689	21457151	48308	4484278	2501392	12012379	311662							
E14	Learner scaling	BERT-mini	64	512	256	4	1024	Codebook SIMD int8	2	8	512	transformer_BERT_mini_int8_noTiling_2D_CB_8_SVE_512.o	run_20260503_230527	/home/thu/gem5/output/run_20260503_230527/stats_20260503_230527.txt	3	interval_delta	3	after_attn_addnorm	non_GEMM_after_projection	0.004339	8456764	8834507	17357940	2661553	1785069	876484	2651573	44853	2405910	37150	79218	29376	894600	37769							
E14	Learner scaling	BERT-mini	64	512	256	4	1024	Codebook SIMD int8	2	8	512	transformer_BERT_mini_int8_noTiling_2D_CB_8_SVE_512.o	run_20260503_230527	/home/thu/gem5/output/run_20260503_230527/stats_20260503_230527.txt	4	interval_delta	4	after_ff1	FF1	0.781675	588486463	630847121	3126701136	33421750	30330652	3091098	55177573	20715589	83310512	76766	17645438	10230309	46701900	1128639							
E14	Learner scaling	BERT-mini	64	512	256	4	1024	Codebook SIMD int8	2	8	512	transformer_BERT_mini_int8_noTiling_2D_CB_8_SVE_512.o	run_20260503_230527	/home/thu/gem5/output/run_20260503_230527/stats_20260503_230527.txt	5	interval_delta	5	after_ff2	FF2	1.063784	565900790	607625085	4255133888	31026704	29421735	1604969	51995633	20552911	78792811	86361	17244201	15210692	44278419	1128515							
E14	Learner scaling	BERT-mini	64	512	256	4	1024	Codebook SIMD int8	2	8	512	transformer_BERT_mini_int8_noTiling_2D_CB_8_SVE_512.o	run_20260503_230527	/home/thu/gem5/output/run_20260503_230527/stats_20260503_230527.txt	6	interval_delta	6	final_total	non_GEMM_after_ff2	0.005707	11786503	12202421	22829384	3616249	2399291	1216958	3605208	82705	3355202	37493	104730	37664	1237286	39889							
E14	Learner scaling	BERT-mini	64	512	256	4	1024	Codebook SIMD int8	2	8	512	transformer_BERT_mini_int8_noTiling_2D_CB_8_SVE_512.o	run_20260503_230527	/home/thu/gem5/output/run_20260503_230527/stats_20260503_230527.txt	7	final_total	6	final_total	total_program	2.548325	1922921792	2101279942	10193300552	157070848	136718150	20352698	252508775	89350473	301938997	388262	70896295	31372744	154925720	3672118	0.188646	5.300944	0.353850962209	0.001285895508	0.442515987613	0.023702442693	0.410145
E15	Learner scaling	BERT-mini	64	512	256	4	1024	Codebook SIMD int8	4	8	512	transformer_BERT_mini_int8_noTiling_4D_CB_8_SVE_512.o	run_20260503_230536	/home/thu/gem5/output/run_20260503_230536/stats_20260503_230536.txt	1	interval_delta	1	after_mha	MHA	1.521633	683023718	893239755	6086530908	156569795	136764376	19805419	233346629	104176793	133970748	160349	62537231	19239180	54255574	1082551							
E15	Learner scaling	BERT-mini	64	512	256	4	1024	Codebook SIMD int8	4	8	512	transformer_BERT_mini_int8_noTiling_4D_CB_8_SVE_512.o	run_20260503_230536	/home/thu/gem5/output/run_20260503_230536/stats_20260503_230536.txt	2	interval_delta	2	after_projection	Projection	0.458902	162346268	187005320	1835609984	16750578	15083476	1667102	30561837	13907084	26210419	59470	8779940	6780851	12553073	322531							
E15	Learner scaling	BERT-mini	64	512	256	4	1024	Codebook SIMD int8	4	8	512	transformer_BERT_mini_int8_noTiling_4D_CB_8_SVE_512.o	run_20260503_230536	/home/thu/gem5/output/run_20260503_230536/stats_20260503_230536.txt	3	interval_delta	3	after_attn_addnorm	non_GEMM_after_projection	0.007009	13876896	14873184	28036932	5036649	3261081	1775568	5009812	66823	3895019	38842	102192	45338	1601125	39927							
E15	Learner scaling	BERT-mini	64	512	256	4	1024	Codebook SIMD int8	4	8	512	transformer_BERT_mini_int8_noTiling_4D_CB_8_SVE_512.o	run_20260503_230536	/home/thu/gem5/output/run_20260503_230536/stats_20260503_230536.txt	4	interval_delta	4	after_ff1	FF1	1.855557	641861658	739980578	7422225356	64792344	58826540	5965804	120161698	55155384	102092085	128003	35293417	27502066	48574081	1176335							
E15	Learner scaling	BERT-mini	64	512	256	4	1024	Codebook SIMD int8	4	8	512	transformer_BERT_mini_int8_noTiling_4D_CB_8_SVE_512.o	run_20260503_230536	/home/thu/gem5/output/run_20260503_230536/stats_20260503_230536.txt	5	interval_delta	5	after_ff2	FF2	2.091824	613354726	709987930	8367295220	60390214	57452750	2937464	115295990	54258917	95944529	128675	34837332	32150597	45478432	1169935							
E15	Learner scaling	BERT-mini	64	512	256	4	1024	Codebook SIMD int8	4	8	512	transformer_BERT_mini_int8_noTiling_4D_CB_8_SVE_512.o	run_20260503_230536	/home/thu/gem5/output/run_20260503_230536/stats_20260503_230536.txt	6	interval_delta	6	final_total	non_GEMM_after_ff2	0.009822	20531887	21607626	39288792	6947682	4490267	2457415	6919372	162642	6313277	40901	173912	61809	2284833	44906							
E15	Learner scaling	BERT-mini	64	512	256	4	1024	Codebook SIMD int8	4	8	512	transformer_BERT_mini_int8_noTiling_4D_CB_8_SVE_512.o	run_20260503_230536	/home/thu/gem5/output/run_20260503_230536/stats_20260503_230536.txt	7	final_total	6	final_total	total_program	5.944747	2134995153	2566694393	23778987192	310487262	275878490	34608772	511295338	227727643	368426077	556240	141724024	85779841	164747118	3836185	0.089785	11.137724	0.445393544738	0.001509773696	0.605259705299	0.023285293525	0.431156
E25	Codebook-size scaling	BERT-mini	64	512	256	4	1024	Codebook SIMD int8	4	4	128	transformer_BERT_mini_int8_noTiling_4D_CB_4_SVE_128.o	run_20260503_231231	/home/thu/gem5/output/run_20260503_231231/stats_20260503_231231.txt	1	interval_delta	1	after_mha	MHA	1.881954	1463059333	2117696536	7527816004	414091205	390763485	23327720	414246265	109153134	315569708	163406	62701240	19266524	91577392	1347739							
E25	Codebook-size scaling	BERT-mini	64	512	256	4	1024	Codebook SIMD int8	4	4	128	transformer_BERT_mini_int8_noTiling_4D_CB_4_SVE_128.o	run_20260503_231231	/home/thu/gem5/output/run_20260503_231231/stats_20260503_231231.txt	2	interval_delta	2	after_projection	Projection	0.513496	299694025	359225682	2053984340	37422031	35557859	1864172	37390569	17314464	48158404	60957	8778948	6824787	15623657	61994							
E25	Codebook-size scaling	BERT-mini	64	512	256	4	1024	Codebook SIMD int8	4	4	128	transformer_BERT_mini_int8_noTiling_4D_CB_4_SVE_128.o	run_20260503_231231	/home/thu/gem5/output/run_20260503_231231/stats_20260503_231231.txt	3	interval_delta	3	after_attn_addnorm	non_GEMM_after_projection	0.00687	13731692	14712413	27480952	4994265	3235459	1758806	4969365	64750	3846773	37432	98755	43764	1573111	38724							
E25	Codebook-size scaling	BERT-mini	64	512	256	4	1024	Codebook SIMD int8	4	4	128	transformer_BERT_mini_int8_noTiling_4D_CB_4_SVE_128.o	run_20260503_231231	/home/thu/gem5/output/run_20260503_231231/stats_20260503_231231.txt	4	interval_delta	4	after_ff1	FF1	2.059795	1189730944	1427349423	8239178256	146653058	140173796	6479262	147131918	68683566	189055697	127732	35283606	27571630	60602164	127675							
E25	Codebook-size scaling	BERT-mini	64	512	256	4	1024	Codebook SIMD int8	4	4	128	transformer_BERT_mini_int8_noTiling_4D_CB_4_SVE_128.o	run_20260503_231231	/home/thu/gem5/output/run_20260503_231231/stats_20260503_231231.txt	5	interval_delta	5	after_ff2	FF2	2.290646	1169249285	1406322573	9162584788	143249689	139777964	3471725	143206614	67373201	185180550	133622	34826977	32157261	58188770	253862							
E25	Codebook-size scaling	BERT-mini	64	512	256	4	1024	Codebook SIMD int8	4	4	128	transformer_BERT_mini_int8_noTiling_4D_CB_4_SVE_128.o	run_20260503_231231	/home/thu/gem5/output/run_20260503_231231/stats_20260503_231231.txt	6	interval_delta	6	final_total	non_GEMM_after_ff2	0.00976	20498990	21562084	39037984	6935026	4467590	2467436	6900910	160118	6338186	40649	179362	62171	2284482	44758							
E25	Codebook-size scaling	BERT-mini	64	512	256	4	1024	Codebook SIMD int8	4	4	128	transformer_BERT_mini_int8_noTiling_4D_CB_4_SVE_128.o	run_20260503_231231	/home/thu/gem5/output/run_20260503_231231/stats_20260503_231231.txt	7	final_total	6	final_total	total_program	6.762521	4155964269	5346868711	27050082324	753345274	713976153	39369121	753845641	262749233	748149318	563798	141868888	85926137	229849576	1874752	0.15364	6.508738	0.348545138036	0.000753590208	0.605672873111	0.008156430099	0.825475
E26	Codebook-size scaling	BERT-mini	64	512	256	4	1024	Codebook SIMD int8	4	16	128	transformer_BERT_mini_int8_noTiling_4D_CB_16_SVE_128.o	run_20260503_231253	/home/thu/gem5/output/run_20260503_231253/stats_20260503_231253.txt	1	interval_delta	1	after_mha	MHA	2.302908	2558544431	3213352773	9211632820	507567168	480967788	26599380	508192135	104830232	376041523	177745	62664400	19325353	107442960	1361923							
E26	Codebook-size scaling	BERT-mini	64	512	256	4	1024	Codebook SIMD int8	4	16	128	transformer_BERT_mini_int8_noTiling_4D_CB_16_SVE_128.o	run_20260503_231253	/home/thu/gem5/output/run_20260503_231253/stats_20260503_231253.txt	2	interval_delta	2	after_projection	Projection	0.649752	664964183	724560563	2599005924	68609533	65644130	2965403	68705750	8937171	68344511	63696	8792738	6805775	20931412	64753							
E26	Codebook-size scaling	BERT-mini	64	512	256	4	1024	Codebook SIMD int8	4	16	128	transformer_BERT_mini_int8_noTiling_4D_CB_16_SVE_128.o	run_20260503_231253	/home/thu/gem5/output/run_20260503_231253/stats_20260503_231253.txt	3	interval_delta	3	after_attn_addnorm	non_GEMM_after_projection	0.007081	13957269	14961028	28326212	5059473	3274988	1784485	5031066	68074	3919885	38566	103024	46309	1616319	39827							
E26	Codebook-size scaling	BERT-mini	64	512	256	4	1024	Codebook SIMD int8	4	16	128	transformer_BERT_mini_int8_noTiling_4D_CB_16_SVE_128.o	run_20260503_231253	/home/thu/gem5/output/run_20260503_231253/stats_20260503_231253.txt	4	interval_delta	4	after_ff1	FF1	2.589127	2650340715	2888192393	10348734935	271286619	260442585	10844034	271770348	35295626	269687905	148689	35343840	27015143	81749426	146398							
E26	Codebook-size scaling	BERT-mini	64	512	256	4	1024	Codebook SIMD int8	4	16	128	transformer_BERT_mini_int8_noTiling_4D_CB_16_SVE_128.o	run_20260503_231253	/home/thu/gem5/output/run_20260503_231253/stats_20260503_231253.txt	5	interval_delta	5	after_ff2	FF2	2.841479	2628017229	2865255457	11365919836	267382062	259594134	7787928	268231902	67417111	265175815	150163	34868731	32133533	79291586	265905							
E26	Codebook-size scaling	BERT-mini	64	512	256	4	1024	Codebook SIMD int8	4	16	128	transformer_BERT_mini_int8_noTiling_4D_CB_16_SVE_128.o	run_20260503_231253	/home/thu/gem5/output/run_20260503_231253/stats_20260503_231253.txt	6	interval_delta	6	final_total	non_GEMM_after_ff2	0.009915	20671572	21746693	39657896	6981135	4497001	2484134	6942647	162955	6384196	39515	180998	63596	2316756	43489							
E26	Codebook-size scaling	BERT-mini	64	512	256	4	1024	Codebook SIMD int8	4	16	128	transformer_BERT_mini_int8_noTiling_4D_CB_16_SVE_128.o	run_20260503_231253	/home/thu/gem5/output/run_20260503_231253/stats_20260503_231253.txt	7	final_total	6	final_total	total_program	8.400262	8536495399	9728068907	33593277623	1126885990	1074420626	52465364	1128873848	216711169	989553835	618374	141953731	85389709	293348459	1922295	0.254113	3.935254	0.191971112967	0.000624901828	0.601531980868	0.006552940508	0.755201
E27	Codebook-size scaling	BERT-mini	64	512	256	4	1024	Codebook SIMD int8	4	4	256	transformer_BERT_mini_int8_noTiling_4D_CB_4_SVE_256.o	run_20260503_231444	/home/thu/gem5/output/run_20260503_231444/stats_20260503_231444.txt	1	interval_delta	1	after_mha	MHA	1.601712	826231744	1162022071	6406849452	227418888	206459228	20959660	263732190	102671341	167414674	155640	62626252	19208774	58276142	297587							
E27	Codebook-size scaling	BERT-mini	64	512	256	4	1024	Codebook SIMD int8	4	4	256	transformer_BERT_mini_int8_noTiling_4D_CB_4_SVE_256.o	run_20260503_231444	/home/thu/gem5/output/run_20260503_231444/stats_20260503_231444.txt	2	interval_delta	2	after_projection	Projection	0.465361	169167911	199327066	1861441956	20036680	18312247	1724433	20169291	17318353	25075208	59483	8775802	6841720	10766385	62090							
E27	Codebook-size scaling	BERT-mini	64	512	256	4	1024	Codebook SIMD int8	4	4	256	transformer_BERT_mini_int8_noTiling_4D_CB_4_SVE_256.o	run_20260503_231444	/home/thu/gem5/output/run_20260503_231444/stats_20260503_231444.txt	3	interval_delta	3	after_attn_addnorm	non_GEMM_after_projection	0.006884	13730802	14711406	27536136	4993995	3235327	1758668	4969091	64801	3846038	37439	98787	43993	1573012	38697							
E27	Codebook-size scaling	BERT-mini	64	512	256	4	1024	Codebook SIMD int8	4	4	256	transformer_BERT_mini_int8_noTiling_4D_CB_4_SVE_256.o	run_20260503_231444	/home/thu/gem5/output/run_20260503_231444/stats_20260503_231444.txt	4	interval_delta	4	after_ff1	FF1	1.863092	668782180	788906716	7452369084	77692899	71579610	6113289	78302280	68512454	97305128	121103	35269961	27531515	41365820	128037							
E27	Codebook-size scaling	BERT-mini	64	512	256	4	1024	Codebook SIMD int8	4	4	256	transformer_BERT_mini_int8_noTiling_4D_CB_4_SVE_256.o	run_20260503_231444	/home/thu/gem5/output/run_20260503_231444/stats_20260503_231444.txt	5	interval_delta	5	after_ff2	FF2	2.091175	648060394	767630560	8364697776	74075908	70978071	3097837	74064524	51093656	92234175	124599	34813709	32084138	38944047	124648							
E27	Codebook-size scaling	BERT-mini	64	512	256	4	1024	Codebook SIMD int8	4	4	256	transformer_BERT_mini_int8_noTiling_4D_CB_4_SVE_256.o	run_20260503_231444	/home/thu/gem5/output/run_20260503_231444/stats_20260503_231444.txt	6	interval_delta	6	final_total	non_GEMM_after_ff2	0.009748	20432296	21495195	38993652	6918255	4467376	2450879	6892308	159979	6296551	40974	179594	62192	2267895	44770							
E27	Codebook-size scaling	BERT-mini	64	512	256	4	1024	Codebook SIMD int8	4	4	256	transformer_BERT_mini_int8_noTiling_4D_CB_4_SVE_256.o	run_20260503_231444	/home/thu/gem5/output/run_20260503_231444/stats_20260503_231444.txt	7	final_total	6	final_total	total_program	6.037972	2346405327	2954093014	24151888056	411136625	375031859	36104766	448129684	239820584	392171774	539238	141764105	85772332	153193301	695829	0.097152	10.293144	0.535158889408	0.001375004617	0.6050356118	0.004542163368	0.761249
E28	Codebook-size scaling	BERT-mini	64	512	256	4	1024	Codebook SIMD int8	4	16	256	transformer_BERT_mini_int8_noTiling_4D_CB_16_SVE_256.o	run_20260503_231527	/home/thu/gem5/output/run_20260503_231527/stats_20260503_231527.txt	1	interval_delta	1	after_mha	MHA	1.710332	1058604522	1394454343	6841327456	228327337	207318276	21009061	280277178	96462647	179464686	164959	62624271	19310787	72505133	302045							
E28	Codebook-size scaling	BERT-mini	64	512	256	4	1024	Codebook SIMD int8	4	16	256	transformer_BERT_mini_int8_noTiling_4D_CB_16_SVE_256.o	run_20260503_231527	/home/thu/gem5/output/run_20260503_231527/stats_20260503_231527.txt	2	interval_delta	2	after_projection	Projection	0.490092	246730498	276916632	1960369244	20367547	18616253	1751294	29015980	13124872	29468820	61849	8784441	6790329	15528215	62580							
E28	Codebook-size scaling	BERT-mini	64	512	256	4	1024	Codebook SIMD int8	4	16	256	transformer_BERT_mini_int8_noTiling_4D_CB_16_SVE_256.o	run_20260503_231527	/home/thu/gem5/output/run_20260503_231527/stats_20260503_231527.txt	3	interval_delta	3	after_attn_addnorm	non_GEMM_after_projection	0.00703	13938762	14938670	28119364	5052787	3271541	1781246	5024014	67851	3909959	37478	101642	45541	1612592	38836							
E28	Codebook-size scaling	BERT-mini	64	512	256	4	1024	Codebook SIMD int8	4	16	256	transformer_BERT_mini_int8_noTiling_4D_CB_16_SVE_256.o	run_20260503_231527	/home/thu/gem5/output/run_20260503_231527/stats_20260503_231527.txt	4	interval_delta	4	after_ff1	FF1	1.97924	978441896	1098624954	7916958440	78853791	72693933	6159858	113571782	52010495	114709408	133158	35300520	27507460	60298023	130802							
E28	Codebook-size scaling	BERT-mini	64	512	256	4	1024	Codebook SIMD int8	4	16	256	transformer_BERT_mini_int8_noTiling_4D_CB_16_SVE_256.o	run_20260503_231527	/home/thu/gem5/output/run_20260503_231527/stats_20260503_231527.txt	5	interval_delta	5	after_ff2	FF2	2.228292	957759030	1077390671	8913167972	75247591	72097628	3149963	109936187	51125477	110837391	139046	34848814	32166590	57885997	259306							
E28	Codebook-size scaling	BERT-mini	64	512	256	4	1024	Codebook SIMD int8	4	16	256	transformer_BERT_mini_int8_noTiling_4D_CB_16_SVE_256.o	run_20260503_231527	/home/thu/gem5/output/run_20260503_231527/stats_20260503_231527.txt	6	interval_delta	6	final_total	non_GEMM_after_ff2	0.009808	20605410	21680196	39233120	6964497	4496909	2467588	6926093	163088	6334132	39603	172924	61686	2300536	43609							
E28	Codebook-size scaling	BERT-mini	64	512	256	4	1024	Codebook SIMD int8	4	16	256	transformer_BERT_mini_int8_noTiling_4D_CB_16_SVE_256.o	run_20260503_231527	/home/thu/gem5/output/run_20260503_231527/stats_20260503_231527.txt	7	final_total	6	final_total	total_program	6.424794	3276080118	3884005466	25699175596	414813550	378494540	36319010	544751234	212954430	444724396	576093	141832612	85882393	210130496	837178	0.127478	7.844489	0.390920509599	0.001295393293	0.60551936391	0.003984086156	0.452587
E29	Codebook-size scaling	BERT-mini	64	512	256	4	1024	Codebook SIMD int8	4	4	512	transformer_BERT_mini_int8_noTiling_4D_CB_4_SVE_512.o	run_20260503_231613	/home/thu/gem5/output/run_20260503_231613/stats_20260503_231613.txt	1	interval_delta	1	after_mha	MHA	1.446505	507816886	690474306	5786018668	140374146	120598408	19775738	191954441	96130760	107153290	155583	62364516	18990065	41629413	687145							
E29	Codebook-size scaling	BERT-mini	64	512	256	4	1024	Codebook SIMD int8	4	4	512	transformer_BERT_mini_int8_noTiling_4D_CB_4_SVE_512.o	run_20260503_231613	/home/thu/gem5/output/run_20260503_231613/stats_20260503_231613.txt	2	interval_delta	2	after_projection	Projection	0.261117	103679692	119096644	1044469664	11255211	9641914	1613297	11387154	8884466	17163082	53842	8729105	6793229	8295508	187604							
E29	Codebook-size scaling	BERT-mini	64	512	256	4	1024	Codebook SIMD int8	4	4	512	transformer_BERT_mini_int8_noTiling_4D_CB_4_SVE_512.o	run_20260503_231613	/home/thu/gem5/output/run_20260503_231613/stats_20260503_231613.txt	3	interval_delta	3	after_attn_addnorm	non_GEMM_after_projection	0.00695	13756715	14743199	27798704	5003512	3240225	1763287	4979119	65482	3859072	38917	101058	44872	1578199	40001							
E29	Codebook-size scaling	BERT-mini	64	512	256	4	1024	Codebook SIMD int8	4	4	512	transformer_BERT_mini_int8_noTiling_4D_CB_4_SVE_512.o	run_20260503_231613	/home/thu/gem5/output/run_20260503_231613/stats_20260503_231613.txt	4	interval_delta	4	after_ff1	FF1	1.046001	407499891	468670117	4184006276	42891710	37111556	5780154	43502829	35161853	65982398	104331	35192622	27641146	31602416	634245							
E29	Codebook-size scaling	BERT-mini	64	512	256	4	1024	Codebook SIMD int8	4	4	512	transformer_BERT_mini_int8_noTiling_4D_CB_4_SVE_512.o	run_20260503_231613	/home/thu/gem5/output/run_20260503_231613/stats_20260503_231613.txt	5	interval_delta	5	after_ff2	FF2	2.014328	387415000	448227424	8057310232	39471802	36567603	2904199	73146244	59489513	61242882	124390	34821152	32131850	29311950	642636							
E29	Codebook-size scaling	BERT-mini	64	512	256	4	1024	Codebook SIMD int8	4	4	512	transformer_BERT_mini_int8_noTiling_4D_CB_4_SVE_512.o	run_20260503_231613	/home/thu/gem5/output/run_20260503_231613/stats_20260503_231613.txt	6	interval_delta	6	final_total	non_GEMM_after_ff2	0.009665	20403816	21467375	38661032	6911134	4467875	2443259	6885219	160348	6274460	40496	171336	60492	2260407	44783							
E29	Codebook-size scaling	BERT-mini	64	512	256	4	1024	Codebook SIMD int8	4	4	512	transformer_BERT_mini_int8_noTiling_4D_CB_4_SVE_512.o	run_20260503_231613	/home/thu/gem5/output/run_20260503_231613/stats_20260503_231613.txt	7	final_total	6	final_total	total_program	4.784566	1440572000	1762679065	19138264576	245907515	211627581	34279934	331855006	199892422	261675184	517559	141379789	85661654	114677893	2236414	0.075272	13.285184	0.602348671516	0.001977868104	0.60589745257	0.019501701169	0.465154
E30	Codebook-size scaling	BERT-mini	64	512	256	4	1024	Codebook SIMD int8	4	16	512	transformer_BERT_mini_int8_noTiling_4D_CB_16_SVE_512.o	run_20260503_231638	/home/thu/gem5/output/run_20260503_231638/stats_20260503_231638.txt	1	interval_delta	1	after_mha	MHA	1.512452	784533136	1011266383	6049808808	166019325	146209489	19809836	247492734	100511168	148128728	153391	62541789	19235108	61345159	1080445							
E30	Codebook-size scaling	BERT-mini	64	512	256	4	1024	Codebook SIMD int8	4	16	512	transformer_BERT_mini_int8_noTiling_4D_CB_16_SVE_512.o	run_20260503_231638	/home/thu/gem5/output/run_20260503_231638/stats_20260503_231638.txt	2	interval_delta	2	after_projection	Projection	0.472564	196265088	226441664	1890253300	19926817	18247323	1679494	36963185	13117506	30961041	58405	8779221	6806284	14931752	322757							
E30	Codebook-size scaling	BERT-mini	64	512	256	4	1024	Codebook SIMD int8	4	16	512	transformer_BERT_mini_int8_noTiling_4D_CB_16_SVE_512.o	run_20260503_231638	/home/thu/gem5/output/run_20260503_231638/stats_20260503_231638.txt	3	interval_delta	3	after_attn_addnorm	non_GEMM_after_projection	0.007068	13953644	14957030	28275300	5058358	3274474	1783884	5029895	68207	3918422	38640	103340	45972	1615585	39603							
E30	Codebook-size scaling	BERT-mini	64	512	256	4	1024	Codebook SIMD int8	4	16	512	transformer_BERT_mini_int8_noTiling_4D_CB_16_SVE_512.o	run_20260503_231638	/home/thu/gem5/output/run_20260503_231638/stats_20260503_231638.txt	4	interval_delta	4	after_ff1	FF1	1.908425	777230137	897387700	7633699448	77410110	71428211	5981899	145683292	52014718	121010391	121345	35290752	27563607	58025768	1175683							
E30	Codebook-size scaling	BERT-mini	64	512	256	4	1024	Codebook SIMD int8	4	16	512	transformer_BERT_mini_int8_noTiling_4D_CB_16_SVE_512.o	run_20260503_231638	/home/thu/gem5/output/run_20260503_231638/stats_20260503_231638.txt	5	interval_delta	5	after_ff2	FF2	2.142841	756427390	876031188	8571362560	73698044	70731106	2966938	141971840	51123242	116714917	126221	34838855	32124590	55609667	1302753							
E30	Codebook-size scaling	BERT-mini	64	512	256	4	1024	Codebook SIMD int8	4	16	512	transformer_BERT_mini_int8_noTiling_4D_CB_16_SVE_512.o	run_20260503_231638	/home/thu/gem5/output/run_20260503_231638/stats_20260503_231638.txt	6	interval_delta	6	final_total	non_GEMM_after_ff2	0.009845	20607275	21689879	39379420	6968879	4503363	2465516	6939090	163920	6335737	40812	174906	61851	2299298	44895							
E30	Codebook-size scaling	BERT-mini	64	512	256	4	1024	Codebook SIMD int8	4	16	512	transformer_BERT_mini_int8_noTiling_4D_CB_16_SVE_512.o	run_20260503_231638	/home/thu/gem5/output/run_20260503_231638/stats_20260503_231638.txt	7	final_total	6	final_total	total_program	6.053195	2549016670	3047773844	24212778836	349081533	314393966	34687567	584080036	216998761	427069236	538814	141728863	85837412	193827229	3966136	0.105276	9.49887	0.371522304522	0.001261654913	0.605645245316	0.020462223086	0.41693
